estado,municipio,curso,ies,conceito_curso,nota_enem_ultimo_ampla,nota_enem_ultimo_ppiq,nota_enem_ultimo_pcd
AC,CRUZEIRO DO SUL,MEDICINA,AFYA FACULDADE DE CIÊNCIAS MÉDICAS DE CRUZEIRO DO SUL (24547),5,653.78,591.88,523.82
AL,PENEDO,MEDICINA,QUALIN - FACULDADE DE SAÚDE (26859),4,721.28,639.58,618.74
AM,ITACOATIARA,MEDICINA,AFYA FACULDADE DE CIÊNCIAS MÉDICAS DE ITACOATIARA (24548),0,723.42,619.94,541.42
AM,MANACAPURU,MEDICINA,AFYA FACULDADE DE CIÊNCIAS MÉDICAS DE MANACAPURU (24551),0,699.72,621.02,
AM,PARINTINS,MEDICINA,FACULDADE SANTA TERESA DE PARINTINS (26860),5,671.40,564.26,
BA,CONCEIÇÃO DO COITÉ,MEDICINA,FACULDADE DA REGIÃO SISALEIRA (18636),5,703.60,672.96,640.58
BA,EUNÁPOLIS,MEDICINA,FACULDADE PITÁGORAS DE MEDICINA DE EUNÁPOLIS (22059),4,717.80,627.02,609.76
BA,FEIRA DE SANTANA,MEDICINA,CENTRO UNIVERSITÁRIO ANÍSIO TEIXEIRA (1643),4,717.14,615.20,648.64
BA,FEIRA DE SANTANA,MEDICINA,CENTRO UNIVERSITÁRIO NOBRE DE FEIRA DE SANTANA (1718),4,606.66,509.56,
BA,FEIRA DE SANTANA,MEDICINA,UNEF CENTRO UNIVERSITÁRIO (2560),4,630.54,452.08,651.60
