estado,municipio,curso,ies,conceito_curso,nota_enem_ultimo_ampla,nota_enem_ultimo_ppiq,nota_enem_ultimo_pcd
AC,CRUZEIRO DO SUL,MEDICINA,AFYA FACULDADE DE CIÊNCIAS MÉDICAS DE CRUZEIRO DO SUL (24547),5,728.42,649.32,661.10
AC,CRUZEIRO DO SUL,MEDICINA,AFYA FACULDADE DE CIÊNCIAS MÉDICAS DE CRUZEIRO DO SUL (24547),5,725.46,649.32,661.10
AL,MACEIÓ,MEDICINA,CENTRO UNIVERSITÁRIO CESMAC (621),5,,753.84,763.66
AL,PENEDO,MEDICINA,QUALIN - FACULDADE DE SAÚDE (26859),4,757.82,674.48,655.58
AM,ITACOATIARA,MEDICINA,AFYA FACULDADE DE CIÊNCIAS MÉDICAS DE ITACOATIARA (24548),0,707.38,633.08,
AM,MANACAPURU,MEDICINA,AFYA FACULDADE DE CIÊNCIAS MÉDICAS DE MANACAPURU (24551),0,708.36,667.38,642.48
AM,MANAUS,MEDICINA,FACULDADE SANTA TERESA (18684),5,752.06,696.96,697.42
AM,PARINTINS,MEDICINA,FACULDADE SANTA TERESA DE PARINTINS (26860),5,662.22,594.48,663.66
BA,CONCEIÇÃO DO COITÉ,MEDICINA,FACULDADE DA REGIÃO SISALEIRA (18636),5,774.86,718.82,623.52
BA,EUNÁPOLIS,MEDICINA,FACULDADE PITÁGORAS DE MEDICINA DE EUNÁPOLIS (22059),4,742.26,649.94,662.38
BA,FEIRA DE SANTANA,MEDICINA,CENTRO UNIVERSITÁRIO ANÍSIO TEIXEIRA (1643),4,,629.50,637.64
